<?xml version="1.0" encoding="UTF-8"?>
<jcr:root xmlns:sling="http://sling.apache.org/jcr/sling/1.0"
    xmlns:cq="http://www.day.com/jcr/cq/1.0"
    xmlns:jcr="http://www.jcp.org/jcr/1.0" xmlns:nt="http://www.jcp.org/jcr/nt/1.0"
    jcr:primaryType="nt:unstructured"
    jcr:title="p12_title"
    sling:resourceType="cq/gui/components/authoring/dialog">
    <content
        jcr:primaryType="nt:unstructured"
        sling:resourceType="granite/ui/components/coral/foundation/fixedcolumns">
        <items jcr:primaryType="nt:unstructured">
            <column
                jcr:primaryType="nt:unstructured"
                sling:resourceType="granite/ui/components/coral/foundation/container">
                <items jcr:primaryType="nt:unstructured">
                <well jcr:primaryType="nt:unstructured"
                    sling:resourceType="granite/ui/components/foundation/container">
                <layout jcr:primaryType="nt:unstructured"
                    sling:resourceType="granite/ui/components/foundation/layouts/well" />
                <items jcr:primaryType="nt:unstructured">
                    <image
                        jcr:primaryType="nt:unstructured"
                        sling:resourceType="granite/ui/components/coral/foundation/form/pathfield"
                        fieldDescription="p14_field_root_path_desc"
                        fieldLabel="p13_field_root_path"
                        required="{Boolean}true"
                        name="./image"
                        rootPath="/content/dam/mydemo" />
                </items>
                </well>
                </items>
            </column>
        </items>
    </content>
</jcr:root>