<?xml version="1.0" encoding="UTF-8"?>
<jcr:root xmlns:sling="http://sling.apache.org/jcr/sling/1.0" xmlns:cq="http://www.day.com/jcr/cq/1.0" xmlns:jcr="http://www.jcp.org/jcr/1.0" xmlns:nt="http://www.jcp.org/jcr/nt/1.0"
    cq:dialogMode="floating"
    jcr:primaryType="cq:EditConfig">
    <cq:inplaceEditing
        jcr:primaryType="cq:InplaceEditingConfig"
        active="{Boolean}true"
        editorType="hybrid">
        <cq:childEditors jcr:primaryType="nt:unstructured">
            <title
                jcr:primaryType="cq:ChildEditorConfig"
                title="Title"
                type="text"/>
            <text
                jcr:primaryType="cq:ChildEditorConfig"
                title="Text"
                type="text"/>
        </cq:childEditors>
        <config jcr:primaryType="nt:unstructured">
            <rtePlugins jcr:primaryType="nt:unstructured">
                <edit
                    jcr:primaryType="nt:unstructured"
                    features="*"/>
                <font
                    jcr:primaryType="nt:unstructured"
                    features="*"/>
                <justify
                    jcr:primaryType="nt:unstructured"
                    features="*"/>
                <undo
                    jcr:primaryType="nt:unstructured"
                    features="[undo]"/>
                <links
                    jcr:primaryType="nt:unstructured"
                    features="*"/>
                <paraformat
                    jcr:primaryType="nt:unstructured"
                    features="*">
                    <formats jcr:primaryType="cq:WidgetCollection">
                        <paragraph
                            jcr:primaryType="nt:unstructured"
                            description="Paragraph"
                            tag="p"/>
                        <heading1
                            jcr:primaryType="nt:unstructured"
                            description="Heading 1"
                            tag="h1"/>
                        <heading2
                            jcr:primaryType="nt:unstructured"
                            description="Heading 2"
                            tag="h2"/>
                        <heading3
                            jcr:primaryType="nt:unstructured"
                            description="Heading 3"
                            tag="h3"/>
                        <heading4
                            jcr:primaryType="nt:unstructured"
                            description="Heading 4"
                            tag="h4"/>
                        <heading5
                            jcr:primaryType="nt:unstructured"
                            description="Heading 5"
                            tag="h5"/>
                        <heading6
                            jcr:primaryType="nt:unstructured"
                            description="Heading 6"
                            tag="h6"/>
                    </formats>
                </paraformat>
                <styles
                    jcr:primaryType="nt:unstructured"
                    features="*">
                    <styles jcr:primaryType="cq:WidgetCollection">

                    </styles>
                </styles>
                <table
                    jcr:primaryType="nt:unstructured"
                    features="*">
                    <cellStyles jcr:primaryType="cq:WidgetCollection">
                        <lastcolumn
                            jcr:primaryType="nt:unstructured"
                            cssName="last-col"
                            text="Last Column"/>
                        <alternaterow2
                            jcr:primaryType="nt:unstructured"
                            cssName="row-alternate2"
                            text="Light Gray Row"/>
                        <alternaterow1
                            jcr:primaryType="nt:unstructured"
                            cssName="row-alternate"
                            text="Dark Gray Row"/>
                        <alternaterow3
                            jcr:primaryType="nt:unstructured"
                            cssName="row-alternate3"
                            text="White Row"/>
                        <bottomborder
                            jcr:primaryType="nt:unstructured"
                            cssName="bott-border"
                            text="Bottom Border"/>
                        <topborder
                            jcr:primaryType="nt:unstructured"
                            cssName="top-border"
                            text="Top Border"/>
                    </cellStyles>
                    <tableStyles jcr:primaryType="cq:WidgetCollection">
                        <alternaterowtable
                            jcr:primaryType="nt:unstructured"
                            cssName="table-with-alternate-row"
                            text="Grey Table With Alternate Row"/>
                        <customTable
                            jcr:primaryType="nt:unstructured"
                            cssName="table-component"
                            text="Grey Table"/>
                        <coloredheadtable
                            jcr:primaryType="nt:unstructured"
                            cssName="table-headcolor"
                            text="Table With Head Color"/>
                        <gradientheadtable
                            jcr:primaryType="nt:unstructured"
                            cssName="table-gradient"
                            text="Table With Gradient Head"/>
                        <innertable
                            jcr:primaryType="nt:unstructured"
                            cssName="inner-table"
                            text="Inner Table"/>
                    </tableStyles>
                </table>
                <misctools
                    jcr:primaryType="nt:unstructured"
                    features="[specialchars,sourceedit]">
                    <specialCharsConfig jcr:primaryType="nt:unstructured">
                        <chars jcr:primaryType="nt:unstructured">
                            <copyright
                                jcr:primaryType="nt:unstructured"
                                entity="&amp;copy;"/>
                            <trademark
                                jcr:primaryType="nt:unstructured"
                                entity="&amp;trade;"/>
                            <dagger
                                jcr:primaryType="nt:unstructured"
                                entity="&amp;dagger;"/>
                            <degree
                                jcr:primaryType="nt:unstructured"
                                entity="&amp;deg;"/>
                            <registered
                                jcr:primaryType="nt:unstructured"
                                entity="&amp;reg;"/>
                            <double_x0020_dagger
                                jcr:primaryType="nt:unstructured"
                                entity="&amp;Dagger;"/>
                            <section
                                jcr:primaryType="nt:unstructured"
                                entity="&amp;sect;"/>
                            <currency
                                jcr:primaryType="nt:unstructured"
                                entity="&amp;curren;"/>
                            <newline
                                jcr:primaryType="nt:unstructured"
                                entity="&lt;br/>&lt;br/>"/>
                            <pound
                                jcr:primaryType="nt:unstructured"
                                entity="&amp;pound;"/>
                        </chars>
                    </specialCharsConfig>
                </misctools>
                <image
                    jcr:primaryType="nt:unstructured"
                    features="*"/>
                <spellcheck
                    jcr:primaryType="nt:unstructured"
                    features="*"
                    invalidStyle="background-color:#FFFF33;"/>
            </rtePlugins>
            <uiSettings jcr:primaryType="nt:unstructured">
                <cui jcr:primaryType="nt:unstructured">
                    <inline
                        jcr:primaryType="nt:unstructured"
                        toolbar="[format#bold,format#italic,format#underline,#justify,#lists,links#modifylink,links#unlink,
                        #paraformat,fullscreen#start,control#close,control#save]">
                        <popovers jcr:primaryType="nt:unstructured">
                            <justify
                                jcr:primaryType="nt:unstructured"
                                items="[justify#justifyleft,justify#justifycenter,justify#justifyright]"
                                ref="justify"/>
                            <lists
                                jcr:primaryType="nt:unstructured"
                                items="[lists#unordered,lists#ordered,lists#outdent,lists#indent]"
                                ref="lists"/>
                            <paraformat
                                jcr:primaryType="nt:unstructured"
                                items="paraformat:getFormats:paraformat-pulldown"
                                ref="paraformat"/>
                        </popovers>
                    </inline>
                    <dialogFullScreen
                        jcr:primaryType="nt:unstructured"
                        toolbar="[format#bold,format#italic,format#underline,justify#justifyleft,justify#justifycenter,justify#justifyright,lists#unordered,lists#ordered,lists#outdent,lists#indent,links#modifylink,links#unlink,table#createoredit,#paraformat,image#imageProps]">
                        <popovers jcr:primaryType="nt:unstructured">
                            <paraformat
                                jcr:primaryType="nt:unstructured"
                                items="paraformat:getFormats:paraformat-pulldown"
                                ref="paraformat"/>
                        </popovers>
                    </dialogFullScreen>
                    <tableEditOptions
                        jcr:primaryType="nt:unstructured"
                        toolbar="[table#insertcolumn-before,table#insertcolumn-after,table#removecolumn,-,table#insertrow-before,table#insertrow-after,table#removerow,-,table#mergecells-right,table#mergecells-down,table#mergecells,table#splitcell-horizontal,table#splitcell-vertical,-,table#selectrow,table#selectcolumn,-,table#ensureparagraph,-,table#modifytableandcell,table#removetable,-,undo#undo,undo#redo,-,table#exitTableEditing,-]">
                    </tableEditOptions>
                </cui>
            </uiSettings>
        </config>
    </cq:inplaceEditing>
</jcr:root>
