<?xml version="1.0" encoding="UTF-8"?>
<jcr:root xmlns:sling="http://sling.apache.org/jcr/sling/1.0" xmlns:cq="http://www.day.com/jcr/cq/1.0"
          xmlns:jcr="http://www.jcp.org/jcr/1.0" xmlns:nt="http://www.jcp.org/jcr/nt/1.0"
          jcr:primaryType="nt:unstructured"
          jcr:title="Promo Box"
          sling:resourceType="cq/gui/components/authoring/dialog">
    <content
            jcr:primaryType="nt:unstructured"
            sling:resourceType="granite/ui/components/coral/foundation/container">
        <items jcr:primaryType="nt:unstructured">
            <tabs
                    jcr:primaryType="nt:unstructured"
                    sling:resourceType="granite/ui/components/coral/foundation/tabs">
                <items jcr:primaryType="nt:unstructured">
                    <contentdata
                            jcr:primaryType="nt:unstructured"
                            jcr:title="Content"
                            sling:resourceType="granite/ui/components/coral/foundation/fixedcolumns">
                        <items jcr:primaryType="nt:unstructured">
                            <column
                                    jcr:primaryType="nt:unstructured"
                                    sling:resourceType="granite/ui/components/coral/foundation/container">
                                <items jcr:primaryType="nt:unstructured">
                                    <heading
                                            jcr:primaryType="nt:unstructured"
                                            sling:resourceType="granite/ui/components/coral/foundation/form/textfield"
                                            fieldDescription="Enter Promo Box Heading"
                                            fieldLabel="Heading"
                                            name="./heading"/>
                                    <background
                                            jcr:primaryType="nt:unstructured"
                                            sling:resourceType="granite/ui/components/coral/foundation/form/autocomplete"
                                            emptyText="----  Please Select a Value -----"
                                            fieldDescription="Select Background colour from Dropdown"
                                            fieldLabel="Select or type background colour from Dropdown"
                                            name="./bg-color"
                                            required="{Boolean}true">
                                        <datasource
                                                jcr:primaryType="nt:unstructured"
                                                sling:resourceType="/apps/blog/dailog/dropdown"/>
                                        <options
                                                jcr:primaryType="nt:unstructured"
                                                sling:resourceType="granite/ui/components/coral/foundation/form/autocomplete/list"/>
                                    </background>
                                </items>
                            </column>
                        </items>
                    </contentdata>
                </items>
            </tabs>
        </items>
    </content>
</jcr:root>