<?xml version="1.0" encoding="UTF-8"?>
<jcr:root xmlns:sling="http://sling.apache.org/jcr/sling/1.0" xmlns:jcr="http://www.jcp.org/jcr/1.0"
          xmlns:nt="http://www.jcp.org/jcr/nt/1.0" xmlns:cq="http://www.day.com/jcr/cq/1.0"
          xmlns:granite="http://www.adobe.com/jcr/granite/1.0"
    jcr:primaryType="nt:unstructured"
    jcr:title="Title and Text"
    sling:resourceType="cq/gui/components/authoring/dialog">
    <content
        jcr:primaryType="nt:unstructured"
        sling:resourceType="granite/ui/components/foundation/container">
        <items jcr:primaryType="nt:unstructured">
            <tabs
                jcr:primaryType="nt:unstructured"
                sling:resourceType="granite/ui/components/coral/foundation/tabs"
                maximized="{Boolean}true">
                <items jcr:primaryType="nt:unstructured">
                    <properties
                        jcr:primaryType="nt:unstructured"
                        jcr:title="Properties"
                        sling:resourceType="granite/ui/components/coral/foundation/container"
                        margin="{Boolean}true">
                        <items jcr:primaryType="nt:unstructured">
                            <columns
                                jcr:primaryType="nt:unstructured"
                                sling:resourceType="granite/ui/components/coral/foundation/fixedcolumns"
                                margin="{Boolean}true">
                                <items jcr:primaryType="nt:unstructured">
                                    <column
                                        jcr:primaryType="nt:unstructured"
                                        granite:class="cq-RichText-FixedColumn-column"
                                        sling:resourceType="granite/ui/components/coral/foundation/container">
                                        <items jcr:primaryType="nt:unstructured">
                                            <title
                                                jcr:primaryType="nt:unstructured"
                                                sling:resourceType="cq/gui/components/authoring/dialog/richtext"
                                                useFixedInlineToolbar="{Boolean}true"
                                                fieldLabel="Title"
                                                name="./title">
                                                <rtePlugins
                                                    jcr:primaryType="nt:unstructured"
                                                    sling:resourceSuperType="/apps/blog/dialogs/standardRTE/rtePlugins"/>
                                                <uiSettings
                                                    jcr:primaryType="nt:unstructured"
                                                    sling:resourceSuperType="/apps/blog/dialogs/standardRTE/uiSettings"/>
                                            </title>
                                            <text
                                                jcr:primaryType="nt:unstructured"
                                                sling:resourceType="cq/gui/components/authoring/dialog/richtext"
                                                useFixedInlineToolbar="{Boolean}true"
                                                fieldLabel="Text"
                                                name="./text">
                                                <rtePlugins
                                                    jcr:primaryType="nt:unstructured"
                                                    sling:resourceSuperType="/apps/blog/dialogs/standardRTE/rtePlugins"/>
                                                <uiSettings
                                                    jcr:primaryType="nt:unstructured"
                                                    sling:resourceSuperType="/apps/blog/dialogs/standardRTE/uiSettings"/>
                                            </text>
                                        </items>
                                    </column>
                                </items>
                            </columns>
                        </items>
                    </properties>
                </items>
            </tabs>
        </items>
    </content>
</jcr:root>
